FID,KODE_UNSUR,PELAKSANA,TOPONIM,UPDATED,F_AREA,PROVINSI,KECAMATAN,DESA,PROVNO,KABKOTNO,KECNO,DESANO,IDSP2010,KABKOT,SUMBER,R401A,R401B,R401C,R501A,R501B,PLN_HHOLD,TOT_POP,PCT_PLN,NUM_HHOLDS,NUM_PLN,CLUSTAREA,CLUSTRATIO,CLUSTPOP,Sum_CLUSTA,Longitude,Latitude,X,Y
0,50102,"EKSA ANUGRAH MANDIRI, PT.", ,20070813,180045.7567,MALUKU UTARA,SULA BESI BARAT,WAI INA,82,3,10,4,8203010004,KEPULAUAN SULA,BADAN PUSAT STATISTIK,581,568,218,0,23,0,1156,0.004695,213,1,0.180046,1,1156,0.180046,125.919245,-2.263234,824728,9749516
1,50102,"EKSA ANUGRAH MANDIRI, PT.",KABAU,20070813,122372.92,MALUKU UTARA,SULA BESI BARAT,KABAU DARAT,82,3,10,5,8203010005,KEPULAUAN SULA,BADAN PUSAT STATISTIK,204,195,84,0,12,0,398,0,81,0,0.122373,0.789827,314,0.154936,125.88403,-2.185961,820824,9758076
2,50102,"EKSA ANUGRAH MANDIRI, PT.", ,20070813,32563.37165,MALUKU UTARA,SULA BESI BARAT,KABAU DARAT,82,3,10,5,8203010005,KEPULAUAN SULA,BADAN PUSAT STATISTIK,204,195,84,0,12,0,398,0,81,0,0.032563,0.210173,84,0.154936,125.89339,-2.18147,821868,9758571
3,50102,"EKSA ANUGRAH MANDIRI, PT.", ,20070813,84370.2196,MALUKU UTARA,SULA BESI BARAT,ONA,82,3,10,6,8203010006,KEPULAUAN SULA,BADAN PUSAT STATISTIK,559,527,216,0,63,0,1089,0.004673,214,1,0.08437,1,1089,0.08437,125.886326,-2.155465,821086,9761451
4,50102,"EKSA ANUGRAH MANDIRI, PT.",KABAU,20070813,122372.92,MALUKU UTARA,SULA BESI BARAT,KABAU PANTAI,82,3,10,8,8203010008,KEPULAUAN SULA,BADAN PUSAT STATISTIK,536,485,231,0,23,0,1023,0,183,0,0.122373,1,1023,0.122373,125.880975,-2.193113,820483,9757285
5,50102,"EKSA ANUGRAH MANDIRI, PT.", ,20070813,41527.0903,MALUKU UTARA,SULA BESI BARAT,NAHI,82,3,10,9,8203010009,KEPULAUAN SULA,BADAN PUSAT STATISTIK,379,365,217,0,47,0,735,0,163,0,0.041527,1,735,0.041527,125.865308,-2.107086,818756,9766809
6,50102,"EKSA ANUGRAH MANDIRI, PT.", ,20070813,13029.56945,MALUKU UTARA,SULA BESI BARAT,PARATINA,82,3,10,10,8203010010,KEPULAUAN SULA,BADAN PUSAT STATISTIK,147,163,79,0,10,0,306,0,59,0,0.01303,1,306,0.01303,125.858721,-2.084364,818027,9769325
7,50102,"EKSA ANUGRAH MANDIRI, PT.", ,20070813,50721.8093,MALUKU UTARA,SULABESI SELATAN,WAI GAI,82,3,11,1,8203011001,KEPULAUAN SULA,BADAN PUSAT STATISTIK,701,719,329,0,60,0,1419,0.013158,228,3,0.050722,1,1419,0.050722,125.972846,-2.401175,830664,9734237
8,50102,"EKSA ANUGRAH MANDIRI, PT.",FUATA,20070813,129570.0667,MALUKU UTARA,SULABESI SELATAN,FUATA,82,3,11,2,8203011002,KEPULAUAN SULA,BADAN PUSAT STATISTIK,446,463,174,0,18,0,907,0.006849,146,1,0.12957,1,907,0.12957,125.960659,-2.361082,829316,9738677
9,50102,"EKSA ANUGRAH MANDIRI, PT.", ,20070813,71630.95795,MALUKU UTARA,SULABESI SELATAN,SEKOM,82,3,11,3,8203011003,KEPULAUAN SULA,BADAN PUSAT STATISTIK,422,423,220,0,39,0,842,0.0375,160,6,0.071631,0.889801,749,0.080502,125.935381,-2.289962,826519,9746555
10,50102,"EKSA ANUGRAH MANDIRI, PT.", ,20070813,8871.23015,MALUKU UTARA,SULABESI SELATAN,SEKOM,82,3,11,3,8203011003,KEPULAUAN SULA,BADAN PUSAT STATISTIK,422,423,220,0,39,0,842,0.0375,160,6,0.008871,0.110199,93,0.080502,125.932552,-2.28755,826204,9746822
11,50102,"EKSA ANUGRAH MANDIRI, PT.", ,20070813,78471.3343,MALUKU UTARA,SULABESI SELATAN,WAINIB,82,3,11,4,8203011004,KEPULAUAN SULA,BADAN PUSAT STATISTIK,303,317,155,0,25,0,622,0,121,0,0.078471,1,622,0.078471,125.959436,-2.325511,829189,9742614
12,50102,"EKSA ANUGRAH MANDIRI, PT.",FUATA,20070813,129570.0667,MALUKU UTARA,SULABESI SELATAN,WAI TAMUA,82,3,11,5,8203011005,KEPULAUAN SULA,BADAN PUSAT STATISTIK,256,263,135,0,10,0,508,0.012048,83,1,0.12957,1,508,0.12957,125.960481,-2.357481,829297,9739076
13,50102,"EKSA ANUGRAH MANDIRI, PT.", ,20070813,40377.28265,MALUKU UTARA,SANANA,WAILAU,82,3,20,15,8203020015,KEPULAUAN SULA,BADAN PUSAT STATISTIK,1015,957,445,370,0,0.831461,1965,0.734417,369,271,0.040377,0.573843,1128,0.070363,125.957307,-2.141289,828993,9763005
14,50102,"EKSA ANUGRAH MANDIRI, PT.",LANTINA,20070813,29985.72086,MALUKU UTARA,SANANA,WAILAU,82,3,20,15,8203020015,KEPULAUAN SULA,BADAN PUSAT STATISTIK,1015,957,445,370,0,0.831461,1965,0.734417,369,271,0.029986,0.426157,837,0.070363,125.958803,-2.132538,829161,9763973
15,50102,"EKSA ANUGRAH MANDIRI, PT.",LANTINA,20070813,29985.72086,MALUKU UTARA,SANANA,PASTINA,82,3,20,17,8203020017,KEPULAUAN SULA,BADAN PUSAT STATISTIK,420,441,204,185,17,0.906863,860,0.77707,157,122,0.029986,0.673125,579,0.044547,125.958394,-2.12945,829116,9764315
16,50102,"EKSA ANUGRAH MANDIRI, PT.", ,20070813,14561.2871,MALUKU UTARA,SANANA,PASTINA,82,3,20,17,8203020017,KEPULAUAN SULA,BADAN PUSAT STATISTIK,420,441,204,185,17,0.906863,860,0.77707,157,122,0.014561,0.326875,281,0.044547,125.96085,-2.111659,829393,9766283
17,50102,"EKSA ANUGRAH MANDIRI, PT.", ,20070813,23793.20982,MALUKU UTARA,SANANA,UMALOYA,82,3,20,18,8203020018,KEPULAUAN SULA,BADAN PUSAT STATISTIK,577,547,263,250,13,0.95057,1127,0.791262,206,163,0.023793,1,1127,0.023793,125.962094,-2.107754,829533,9766715
18,50102,"EKSA ANUGRAH MANDIRI, PT.",AUFAT,20070813,33670.02885,MALUKU UTARA,SANANA,WAI IPA,82,3,20,19,8203020019,KEPULAUAN SULA,BADAN PUSAT STATISTIK,1053,1094,282,282,0,1,2145,0.739583,384,284,0.03367,0.298566,640,0.112772,125.965833,-2.093898,829952,9768248
19,50102,"EKSA ANUGRAH MANDIRI, PT.",AUFAT,20070813,79102.41465,MALUKU UTARA,SANANA,WAI IPA,82,3,20,19,8203020019,KEPULAUAN SULA,BADAN PUSAT STATISTIK,1053,1094,282,282,0,1,2145,0.739583,384,284,0.079102,0.701434,1505,0.112772,125.968268,-2.08879,830224,9768813
20,50102,"EKSA ANUGRAH MANDIRI, PT.",AUFAT,20070813,79102.41465,MALUKU UTARA,SANANA,WAI HAMA,82,3,20,20,8203020020,KEPULAUAN SULA,BADAN PUSAT STATISTIK,938,932,360,272,60,0.755556,1865,0.813559,354,288,0.079102,0.547984,1022,0.144352,125.970322,-2.084338,830454,9769305
21,50102,"EKSA ANUGRAH MANDIRI, PT.", ,20070813,9371.7434,MALUKU UTARA,SANANA,WAI HAMA,82,3,20,20,8203020020,KEPULAUAN SULA,BADAN PUSAT STATISTIK,938,932,360,272,60,0.755556,1865,0.813559,354,288,0.009372,0.064923,121,0.144352,125.971106,-2.082326,830542,9769528
22,50102,"EKSA ANUGRAH MANDIRI, PT.", ,20070813,9208.62885,MALUKU UTARA,SANANA,WAI HAMA,82,3,20,20,8203020020,KEPULAUAN SULA,BADAN PUSAT STATISTIK,938,932,360,272,60,0.755556,1865,0.813559,354,288,0.009209,0.063793,119,0.144352,125.97191,-2.079256,830632,9769867
23,50102,"EKSA ANUGRAH MANDIRI, PT.", ,20070813,46668.9081,MALUKU UTARA,SANANA,WAI HAMA,82,3,20,20,8203020020,KEPULAUAN SULA,BADAN PUSAT STATISTIK,938,932,360,272,60,0.755556,1865,0.813559,354,288,0.046669,0.3233,603,0.144352,125.974231,-2.0762,830891,9770205
24,50102,"EKSA ANUGRAH MANDIRI, PT.", ,20070813,46668.9081,MALUKU UTARA,SANANA,FOGI,82,3,20,21,8203020021,KEPULAUAN SULA,BADAN PUSAT STATISTIK,2020,1834,662,540,108,0.81571,3856,0.771307,704,543,0.046669,0.045958,177,1.015473,125.976154,-2.073948,831105,9770454
25,50102,"EKSA ANUGRAH MANDIRI, PT.", ,20070813,14856.39325,MALUKU UTARA,SANANA,FOGI,82,3,20,21,8203020021,KEPULAUAN SULA,BADAN PUSAT STATISTIK,2020,1834,662,540,108,0.81571,3856,0.771307,704,543,0.014856,0.01463,56,1.015473,125.97682,-2.072015,831180,9770668
26,50102,"EKSA ANUGRAH MANDIRI, PT.",FOGI,20070813,953947.493,MALUKU UTARA,SANANA,FOGI,82,3,20,21,8203020021,KEPULAUAN SULA,BADAN PUSAT STATISTIK,2020,1834,662,540,108,0.81571,3856,0.771307,704,543,0.953947,0.939412,3622,1.015473,125.979527,-2.06964,831482,9770930
27,50102,"EKSA ANUGRAH MANDIRI, PT.",FOGI,20070813,953947.493,MALUKU UTARA,SANANA,FATCE,82,3,20,22,8203020022,KEPULAUAN SULA,BADAN PUSAT STATISTIK,1697,1746,540,432,102,0.8,3427,0.805213,729,587,0.953947,1,3427,0.953947,125.981374,-2.0655,831689,9771388
28,50102,"EKSA ANUGRAH MANDIRI, PT.",FOGI,20070813,953947.493,MALUKU UTARA,SANANA,FALAHU,82,3,20,23,8203020023,KEPULAUAN SULA,BADAN PUSAT STATISTIK,738,816,588,474,110,0.806122,1555,0.853659,328,280,0.953947,1,1555,0.953947,125.981347,-2.061348,831686,9771847
29,50102,"EKSA ANUGRAH MANDIRI, PT.",FOGI,20070813,953947.493,MALUKU UTARA,SANANA,FAGUDU,82,3,20,24,8203020024,KEPULAUAN SULA,BADAN PUSAT STATISTIK,1443,1368,568,495,70,0.871479,2812,0.841818,550,463,0.953947,1,2812,0.953947,125.979462,-2.058148,831477,9772202
30,50102,"EKSA ANUGRAH MANDIRI, PT.",FOGI,20070813,953947.493,MALUKU UTARA,SANANA,MANGON,82,3,20,25,8203020025,KEPULAUAN SULA,BADAN PUSAT STATISTIK,2022,2044,1025,690,330,0.673171,4058,0.811245,747,606,0.953947,1,4058,0.953947,125.980891,-2.054564,831637,9772598
31,50102,"EKSA ANUGRAH MANDIRI, PT.", ,20070813,73873.93345,MALUKU UTARA,SANANA,WAIBAU,82,3,20,26,8203020026,KEPULAUAN SULA,BADAN PUSAT STATISTIK,764,765,350,240,107,0.685714,1513,0.783688,282,221,0.073874,1,1513,0.073874,125.968802,-2.054053,830291,9772658
32,50102,"EKSA ANUGRAH MANDIRI, PT.", ,20070813,9884.631002,MALUKU UTARA,SULA BESI TENGAH,BEGA,82,3,21,1,8203021001,KEPULAUAN SULA,BADAN PUSAT STATISTIK,542,562,225,200,20,0.888889,1095,0.553991,213,118,0.009885,0.166853,183,0.059242,126.022707,-2.315438,836235,9743715
33,50102,"EKSA ANUGRAH MANDIRI, PT.", ,20070813,4176.409903,MALUKU UTARA,SULA BESI TENGAH,BEGA,82,3,21,1,8203021001,KEPULAUAN SULA,BADAN PUSAT STATISTIK,542,562,225,200,20,0.888889,1095,0.553991,213,118,0.004176,0.070498,77,0.059242,126.022523,-2.314341,836215,9743836
34,50102,"EKSA ANUGRAH MANDIRI, PT.", ,20070813,45180.59447,MALUKU UTARA,SULA BESI TENGAH,BEGA,82,3,21,1,8203021001,KEPULAUAN SULA,BADAN PUSAT STATISTIK,542,562,225,200,20,0.888889,1095,0.553991,213,118,0.045181,0.762649,835,0.059242,126.021053,-2.310452,836052,9744267
35,50102,"EKSA ANUGRAH MANDIRI, PT.", ,20070813,57772.69174,MALUKU UTARA,SULA BESI TENGAH,FAT-IBA,82,3,21,2,8203021002,KEPULAUAN SULA,BADAN PUSAT STATISTIK,492,512,237,215,22,0.907173,991,0.759259,162,123,0.057773,0.909575,901,0.063516,126.003832,-2.265728,834145,9749221
36,50102,"EKSA ANUGRAH MANDIRI, PT.", ,20070813,5743.430736,MALUKU UTARA,SULA BESI TENGAH,FAT-IBA,82,3,21,2,8203021002,KEPULAUAN SULA,BADAN PUSAT STATISTIK,492,512,237,215,22,0.907173,991,0.759259,162,123,0.005743,0.090425,90,0.063516,126.00044,-2.261651,833769,9749673
37,50102,"EKSA ANUGRAH MANDIRI, PT.", ,20070813,10436.2072,MALUKU UTARA,SULA BESI TENGAH,WAIMAN,82,3,21,3,8203021003,KEPULAUAN SULA,BADAN PUSAT STATISTIK,377,375,151,144,7,0.953642,718,0.691057,123,85,0.010436,0.391022,281,0.02669,125.977561,-2.217891,831231,9754522
38,50102,"EKSA ANUGRAH MANDIRI, PT.", ,20070813,16253.3646,MALUKU UTARA,SULA BESI TENGAH,WAIMAN,82,3,21,3,8203021003,KEPULAUAN SULA,BADAN PUSAT STATISTIK,377,375,151,144,7,0.953642,718,0.691057,123,85,0.016253,0.608978,437,0.02669,125.976783,-2.215962,831145,9754736
39,50102,"EKSA ANUGRAH MANDIRI, PT.", ,20070813,62535.127,MALUKU UTARA,SULA BESI TENGAH,WAI BOGA,82,3,21,5,8203021005,KEPULAUAN SULA,BADAN PUSAT STATISTIK,1139,1121,515,420,95,0.815534,2234,0.834452,447,373,0.062535,0.23075,515,0.271008,125.968863,-2.197214,830267,9756812
40,50102,"EKSA ANUGRAH MANDIRI, PT.",WAIBOGA,20070813,208473.0819,MALUKU UTARA,SULA BESI TENGAH,WAI BOGA,82,3,21,5,8203021005,KEPULAUAN SULA,BADAN PUSAT STATISTIK,1139,1121,515,420,95,0.815534,2234,0.834452,447,373,0.208473,0.76925,1719,0.271008,125.95619,-2.165268,828863,9760351
41,50102,"EKSA ANUGRAH MANDIRI, PT.", ,20070813,52495.01869,MALUKU UTARA,SULA BESI TENGAH,MANAF,82,3,21,6,8203021006,KEPULAUAN SULA,BADAN PUSAT STATISTIK,120,116,71,30,41,0.422535,220,0.575,40,23,0.052495,0.151115,33,0.347386,126.031502,-2.332486,837211,9741825
42,50102,"EKSA ANUGRAH MANDIRI, PT.", ,20070813,294890.5645,MALUKU UTARA,SULA BESI TENGAH,MANAF,82,3,21,6,8203021006,KEPULAUAN SULA,BADAN PUSAT STATISTIK,120,116,71,30,41,0.422535,220,0.575,40,23,0.294891,0.848885,187,0.347386,126.018903,-2.32399,835810,9742769
43,50102,"EKSA ANUGRAH MANDIRI, PT.", ,20070813,42309.71426,MALUKU UTARA,SULA BESI TIMUR,WAILIA,82,3,22,1,8203022001,KEPULAUAN SULA,BADAN PUSAT STATISTIK,339,297,148,0,11,0,636,0,119,0,0.04231,1,636,0.04231,126.025577,-2.463347,836519,9727342
44,50102,"EKSA ANUGRAH MANDIRI, PT.", ,20070813,7002.307355,MALUKU UTARA,SULA BESI TIMUR,FATKAUYON,82,3,22,2,8203022002,KEPULAUAN SULA,BADAN PUSAT STATISTIK,257,246,132,0,32,0,503,0,101,0,0.007002,0.041283,21,0.169619,126.063259,-2.461538,840714,9727533
45,50102,"EKSA ANUGRAH MANDIRI, PT.", ,20070813,44435.90512,MALUKU UTARA,SULA BESI TIMUR,FATKAUYON,82,3,22,2,8203022002,KEPULAUAN SULA,BADAN PUSAT STATISTIK,257,246,132,0,32,0,503,0,101,0,0.044436,0.261975,132,0.169619,126.066252,-2.456809,841049,9728056
46,50102,"EKSA ANUGRAH MANDIRI, PT.", ,20070813,17211.08194,MALUKU UTARA,SULA BESI TIMUR,FATKAUYON,82,3,22,2,8203022002,KEPULAUAN SULA,BADAN PUSAT STATISTIK,257,246,132,0,32,0,503,0,101,0,0.017211,0.101469,51,0.169619,126.0682,-2.453355,841267,9728438
47,50102,"EKSA ANUGRAH MANDIRI, PT.", ,20070813,10131.92897,MALUKU UTARA,SULA BESI TIMUR,FATKAUYON,82,3,22,2,8203022002,KEPULAUAN SULA,BADAN PUSAT STATISTIK,257,246,132,0,32,0,503,0,101,0,0.010132,0.059733,30,0.169619,126.062116,-2.450169,840590,9728792
48,50102,"EKSA ANUGRAH MANDIRI, PT.", ,20070813,90837.86914,MALUKU UTARA,SULA BESI TIMUR,FATKAUYON,82,3,22,2,8203022002,KEPULAUAN SULA,BADAN PUSAT STATISTIK,257,246,132,0,32,0,503,0,101,0,0.090838,0.53554,269,0.169619,126.070769,-2.431369,841558,9730871
49,50102,"EKSA ANUGRAH MANDIRI, PT.",BALEHA,20070813,49156.10207,MALUKU UTARA,SULA BESI TIMUR,BALEHA,82,3,22,3,8203022003,KEPULAUAN SULA,BADAN PUSAT STATISTIK,345,333,206,0,13,0,678,0.009009,111,1,0.049156,0.685924,465,0.071664,126.059523,-2.39741,840315,9734632
50,50102,"EKSA ANUGRAH MANDIRI, PT.", ,20070813,22507.92675,MALUKU UTARA,SULA BESI TIMUR,BALEHA,82,3,22,3,8203022003,KEPULAUAN SULA,BADAN PUSAT STATISTIK,345,333,206,0,13,0,678,0.009009,111,1,0.022508,0.314076,213,0.071664,126.058839,-2.391966,840240,9735235
51,50102,"EKSA ANUGRAH MANDIRI, PT.", ,20070813,58861.8709,MALUKU UTARA,SULA BESI TIMUR,WAI GOYOFA,82,3,22,4,8203022004,KEPULAUAN SULA,BADAN PUSAT STATISTIK,233,227,97,0,7,0,463,0,83,0,0.058862,1,463,0.058862,126.044352,-2.365467,838633,9738172
52,50102,"EKSA ANUGRAH MANDIRI, PT.", ,20070813,90837.86914,MALUKU UTARA,SULA BESI TIMUR,SAMA,82,3,22,5,8203022005,KEPULAUAN SULA,BADAN PUSAT STATISTIK,296,306,120,0,10,0,611,0,92,0,0.090838,0.690687,422,0.131518,126.07028,-2.430087,841504,9731013
53,50102,"EKSA ANUGRAH MANDIRI, PT.", ,20070813,5581.806175,MALUKU UTARA,SULA BESI TIMUR,SAMA,82,3,22,5,8203022005,KEPULAUAN SULA,BADAN PUSAT STATISTIK,296,306,120,0,10,0,611,0,92,0,0.005582,0.042441,26,0.131518,126.065873,-2.409419,841019,9733301
54,50102,"EKSA ANUGRAH MANDIRI, PT.", ,20070813,35098.51136,MALUKU UTARA,SULA BESI TIMUR,SAMA,82,3,22,5,8203022005,KEPULAUAN SULA,BADAN PUSAT STATISTIK,296,306,120,0,10,0,611,0,92,0,0.035099,0.266872,163,0.131518,126.06388,-2.405849,840798,9733697
55,50102,"EKSA ANUGRAH MANDIRI, PT.", ,20070813,23518.75918,MALUKU UTARA,SULA BESI TIMUR,WAISEPA,82,3,22,6,8203022006,KEPULAUAN SULA,BADAN PUSAT STATISTIK,103,104,41,0,4,0,209,0,34,0,0.023519,1,209,0.023519,126.052243,-2.381592,839508,9736385
56,50102,"EKSA ANUGRAH MANDIRI, PT.",POHEA,20070813,66658.7197,MALUKU UTARA,SANANA UTARA,POHEA,82,3,23,1,8203023001,KEPULAUAN SULA,BADAN PUSAT STATISTIK,577,516,235,230,0,0.978723,1144,0.603448,232,140,0.066659,0.753235,862,0.088497,125.968734,-2.005558,830293,9778025
57,50102,"EKSA ANUGRAH MANDIRI, PT.", ,20070813,21837.8569,MALUKU UTARA,SANANA UTARA,POHEA,82,3,23,1,8203023001,KEPULAUAN SULA,BADAN PUSAT STATISTIK,577,516,235,230,0,0.978723,1144,0.603448,232,140,0.021838,0.246765,282,0.088497,125.95346,-1.988873,828596,9779875
58,50102,"EKSA ANUGRAH MANDIRI, PT.", ,20070813,6957.23285,MALUKU UTARA,SANANA UTARA,FUKWEU,82,3,23,2,8203023002,KEPULAUAN SULA,BADAN PUSAT STATISTIK,362,339,153,127,26,0.830065,680,0.688525,122,84,0.006957,0.119965,82,0.057994,125.933362,-1.982361,826359,9780600
59,50102,"EKSA ANUGRAH MANDIRI, PT.", ,20070813,51036.68795,MALUKU UTARA,SANANA UTARA,FUKWEU,82,3,23,2,8203023002,KEPULAUAN SULA,BADAN PUSAT STATISTIK,362,339,153,127,26,0.830065,680,0.688525,122,84,0.051037,0.880035,598,0.057994,125.932954,-1.98024,826314,9780834
60,50102,"EKSA ANUGRAH MANDIRI, PT.", ,20070813,64747.15405,MALUKU UTARA,SANANA UTARA,MALBUFA,82,3,23,3,8203023003,KEPULAUAN SULA,BADAN PUSAT STATISTIK,457,450,213,0,26,0,893,0.016216,185,3,0.064747,1,893,0.064747,125.876059,-2.023149,819970,9776097
61,50102,"EKSA ANUGRAH MANDIRI, PT.", ,20070813,34829.19805,MALUKU UTARA,SANANA UTARA,MAN GEGA,82,3,23,5,8203023005,KEPULAUAN SULA,BADAN PUSAT STATISTIK,456,465,381,381,0,1,894,0.696429,168,117,0.034829,1,894,0.034829,125.990729,-2.03425,832737,9774845
62,50102,"EKSA ANUGRAH MANDIRI, PT.", ,20070813,3601.00905,MALUKU UTARA,SANANA UTARA,WAININ,82,3,23,6,8203023006,KEPULAUAN SULA,BADAN PUSAT STATISTIK,183,159,87,0,10,0,344,0.026316,76,2,0.003601,0.112268,39,0.032075,125.901588,-1.986228,822820,9780178
63,50102,"EKSA ANUGRAH MANDIRI, PT.", ,20070813,912.55505,MALUKU UTARA,SANANA UTARA,WAININ,82,3,23,6,8203023006,KEPULAUAN SULA,BADAN PUSAT STATISTIK,183,159,87,0,10,0,344,0.026316,76,2,0.000913,0.028451,10,0.032075,125.903961,-1.986079,823084,9780194
64,50102,"EKSA ANUGRAH MANDIRI, PT.", ,20070813,3294.7087,MALUKU UTARA,SANANA UTARA,WAININ,82,3,23,6,8203023006,KEPULAUAN SULA,BADAN PUSAT STATISTIK,183,159,87,0,10,0,344,0.026316,76,2,0.003295,0.102719,35,0.032075,125.902396,-1.985766,822910,9780229
65,50102,"EKSA ANUGRAH MANDIRI, PT.", ,20070813,20681.71955,MALUKU UTARA,SANANA UTARA,WAININ,82,3,23,6,8203023006,KEPULAUAN SULA,BADAN PUSAT STATISTIK,183,159,87,0,10,0,344,0.026316,76,2,0.020682,0.644792,222,0.032075,125.89963,-1.985669,822602,9780240
66,50102,"EKSA ANUGRAH MANDIRI, PT.", ,20070813,3585.01945,MALUKU UTARA,SANANA UTARA,WAININ,82,3,23,6,8203023006,KEPULAUAN SULA,BADAN PUSAT STATISTIK,183,159,87,0,10,0,344,0.026316,76,2,0.003585,0.11177,38,0.032075,125.913774,-1.983041,824178,9780528
67,50102,"EKSA ANUGRAH MANDIRI, PT.",FOKALIK,20070813,16342.1646,MALUKU UTARA,SANANA UTARA,FOKALIK,82,3,23,7,8203023007,KEPULAUAN SULA,BADAN PUSAT STATISTIK,175,175,78,0,3,0,328,0,61,0,0.016342,1,328,0.016342,125.865446,-2.044921,818784,9773689
68,50102,"EKSA ANUGRAH MANDIRI, PT.",WAITINA,20070813,275587.7125,MALUKU UTARA,MANGOLI TIMUR,WAITINA,82,3,30,6,8203030006,KEPULAUAN SULA,BADAN PUSAT STATISTIK,929,921,408,365,43,0.894608,1850,0.834337,332,277,0.275588,1,1850,0.275588,125.983668,-1.91519,831974,9788024
69,50102,"EKSA ANUGRAH MANDIRI, PT.", ,20070813,17134.67417,MALUKU UTARA,MANGOLI TIMUR,KOW,82,3,30,7,8203030007,KEPULAUAN SULA,BADAN PUSAT STATISTIK,538,543,278,164,36,0.589928,1076,0.763636,220,168,0.017135,0.06983,75,0.245375,126.046913,-1.888912,839023,9790920
70,50102,"EKSA ANUGRAH MANDIRI, PT.", ,20070813,123037.5414,MALUKU UTARA,MANGOLI TIMUR,KOW,82,3,30,7,8203030007,KEPULAUAN SULA,BADAN PUSAT STATISTIK,538,543,278,164,36,0.589928,1076,0.763636,220,168,0.123038,0.501426,540,0.245375,126.065826,-1.882403,841130,9791637
71,50102,"EKSA ANUGRAH MANDIRI, PT.", ,20070813,43527.48424,MALUKU UTARA,MANGOLI TIMUR,KOW,82,3,30,7,8203030007,KEPULAUAN SULA,BADAN PUSAT STATISTIK,538,543,278,164,36,0.589928,1076,0.763636,220,168,0.043527,0.177391,191,0.245375,126.035071,-1.871607,837707,9792838
72,50102,"EKSA ANUGRAH MANDIRI, PT.", ,20070813,61675.66775,MALUKU UTARA,MANGOLI TIMUR,KOW,82,3,30,7,8203030007,KEPULAUAN SULA,BADAN PUSAT STATISTIK,538,543,278,164,36,0.589928,1076,0.763636,220,168,0.061676,0.251352,270,0.245375,126.043118,-1.862381,838605,9793858
73,50102,"EKSA ANUGRAH MANDIRI, PT.", ,20070813,15491.32165,MALUKU UTARA,MANGOLI TIMUR,WAI TAMELA,82,3,30,8,8203030008,KEPULAUAN SULA,BADAN PUSAT STATISTIK,298,280,151,135,16,0.89404,573,0.653543,127,83,0.015491,0.128854,74,0.120224,126.118316,-1.8848,846976,9791361
74,50102,"EKSA ANUGRAH MANDIRI, PT.", ,20070813,104732.2507,MALUKU UTARA,MANGOLI TIMUR,WAI TAMELA,82,3,30,8,8203030008,KEPULAUAN SULA,BADAN PUSAT STATISTIK,298,280,151,135,16,0.89404,573,0.653543,127,83,0.104732,0.871146,499,0.120224,126.110066,-1.881879,846058,9791686
75,50102,"EKSA ANUGRAH MANDIRI, PT.", ,20070813,60050.9552,MALUKU UTARA,MANGOLI TIMUR,NAFLOW,82,3,30,9,8203030009,KEPULAUAN SULA,BADAN PUSAT STATISTIK,197,184,96,82,14,0.854167,381,0.694444,72,50,0.060051,0.457033,174,0.131393,126.022013,-1.897253,836248,9790002
76,50102,"EKSA ANUGRAH MANDIRI, PT.", ,20070813,27814.59591,MALUKU UTARA,MANGOLI TIMUR,NAFLOW,82,3,30,9,8203030009,KEPULAUAN SULA,BADAN PUSAT STATISTIK,197,184,96,82,14,0.854167,381,0.694444,72,50,0.027815,0.21169,81,0.131393,126.033108,-1.884617,837486,9791398
77,50102,"EKSA ANUGRAH MANDIRI, PT.", ,20070813,43527.48424,MALUKU UTARA,MANGOLI TIMUR,NAFLOW,82,3,30,9,8203030009,KEPULAUAN SULA,BADAN PUSAT STATISTIK,197,184,96,82,14,0.854167,381,0.694444,72,50,0.043527,0.331277,126,0.131393,126.03435,-1.870847,837627,9792922
78,50102,"EKSA ANUGRAH MANDIRI, PT.",KARAMAT,20070813,179601.966,MALUKU UTARA,MANGOLI TIMUR,KARAMAT TITDOY,82,3,30,10,8203030010,KEPULAUAN SULA,BADAN PUSAT STATISTIK,214,207,80,68,12,0.85,421,0.8,70,56,0.179602,1,421,0.179602,125.962402,-1.917301,829605,9787795
79,50102,"EKSA ANUGRAH MANDIRI, PT.", ,20070813,68416.63845,MALUKU UTARA,MANGOLI TENGAH,BARU AKOL,82,3,31,1,8203031001,KEPULAUAN SULA,BADAN PUSAT STATISTIK,365,300,171,0,171,0,667,0,149,0,0.068417,1,667,0.068417,125.766703,-1.919889,807813,9787545
80,50102,"EKSA ANUGRAH MANDIRI, PT.", ,20070813,320989.5898,MALUKU UTARA,MANGOLI TENGAH,CAPALULU,82,3,31,2,8203031002,KEPULAUAN SULA,BADAN PUSAT STATISTIK,687,683,330,283,47,0.857576,1366,0.851064,282,240,0.32099,1,1366,0.32099,125.874846,-1.909412,819857,9788684
81,50102,"EKSA ANUGRAH MANDIRI, PT.", ,20070813,98392.6868,MALUKU UTARA,MANGOLI TENGAH,ORIFOLA,82,3,31,3,8203031003,KEPULAUAN SULA,BADAN PUSAT STATISTIK,211,170,127,72,55,0.566929,376,0.96,75,72,0.098393,0.688547,259,0.142899,125.895169,-1.925986,822117,9786846
82,50102,"EKSA ANUGRAH MANDIRI, PT.", ,20070813,34638.03255,MALUKU UTARA,MANGOLI TENGAH,ORIFOLA,82,3,31,3,8203031003,KEPULAUAN SULA,BADAN PUSAT STATISTIK,211,170,127,72,55,0.566929,376,0.96,75,72,0.034638,0.242395,91,0.142899,125.890107,-1.9224,821554,9787244
83,50102,"EKSA ANUGRAH MANDIRI, PT.", ,20070813,9868.19615,MALUKU UTARA,MANGOLI TENGAH,ORIFOLA,82,3,31,3,8203031003,KEPULAUAN SULA,BADAN PUSAT STATISTIK,211,170,127,72,55,0.566929,376,0.96,75,72,0.009868,0.069057,26,0.142899,125.887304,-1.920739,821242,9787428
84,50102,"EKSA ANUGRAH MANDIRI, PT.",SAFAKO,20070813,89256.3162,MALUKU UTARA,MANGOLI TENGAH,WAILOBA,82,3,31,4,8203031004,KEPULAUAN SULA,BADAN PUSAT STATISTIK,344,295,174,0,30,0,639,0,128,0,0.089256,0.347141,222,0.257118,125.812653,-1.823382,812947,9798216
85,50102,"EKSA ANUGRAH MANDIRI, PT.", ,20070813,122311.2471,MALUKU UTARA,MANGOLI TENGAH,WAILOBA,82,3,31,4,8203031004,KEPULAUAN SULA,BADAN PUSAT STATISTIK,344,295,174,0,30,0,639,0,128,0,0.122311,0.4757,304,0.257118,125.870094,-1.809217,819346,9799774
86,50102,"EKSA ANUGRAH MANDIRI, PT.",BANTALA,20070813,45550.8794,MALUKU UTARA,MANGOLI TENGAH,WAILOBA,82,3,31,4,8203031004,KEPULAUAN SULA,BADAN PUSAT STATISTIK,344,295,174,0,30,0,639,0,128,0,0.045551,0.177159,113,0.257118,125.949087,-1.798491,828145,9800947
87,50102,"EKSA ANUGRAH MANDIRI, PT.",MANGOLI,20070813,492611.6213,MALUKU UTARA,MANGOLI TENGAH,MANGOLI,82,3,31,5,8203031005,KEPULAUAN SULA,BADAN PUSAT STATISTIK,1193,1169,1181,340,92,0.287892,2362,0.917808,438,402,0.492612,0.874366,2065,0.563393,125.936091,-1.92674,826674,9786755
88,50102,"EKSA ANUGRAH MANDIRI, PT.",JERI,20070813,70781.34155,MALUKU UTARA,MANGOLI TENGAH,MANGOLI,82,3,31,5,8203031005,KEPULAUAN SULA,BADAN PUSAT STATISTIK,1193,1169,1181,340,92,0.287892,2362,0.917808,438,402,0.070781,0.125634,297,0.563393,125.947425,-1.919842,827937,9787516
89,50102,"EKSA ANUGRAH MANDIRI, PT.", ,20070813,82387.4447,MALUKU UTARA,MANGOLI TENGAH,WAITULIA,82,3,31,6,8203031006,KEPULAUAN SULA,BADAN PUSAT STATISTIK,210,203,98,59,39,0.602041,404,0.75641,78,59,0.082387,1,404,0.082387,125.903871,-1.934608,823084,9785890
90,50102,"EKSA ANUGRAH MANDIRI, PT.", ,20070813,9868.19615,MALUKU UTARA,MANGOLI TENGAH,WAI U,82,3,31,7,8203031007,KEPULAUAN SULA,BADAN PUSAT STATISTIK,144,149,65,60,5,0.923077,285,0.836066,61,51,0.009868,0.029826,9,0.330858,125.886498,-1.919974,821152,9787513
91,50102,"EKSA ANUGRAH MANDIRI, PT.", ,20070813,320989.5898,MALUKU UTARA,MANGOLI TENGAH,WAI U,82,3,31,7,8203031007,KEPULAUAN SULA,BADAN PUSAT STATISTIK,144,149,65,60,5,0.923077,285,0.836066,61,51,0.32099,0.970174,276,0.330858,125.880649,-1.913417,820502,9788240
92,50102,"EKSA ANUGRAH MANDIRI, PT.", ,20070813,32291.71465,MALUKU UTARA,MANGOLI TENGAH,PASLAL,82,3,31,8,8203031008,KEPULAUAN SULA,BADAN PUSAT STATISTIK,142,140,86,0,36,0,282,0,62,0,0.032292,1,282,0.032292,125.804672,-1.909581,812043,9788678
93,50102,"EKSA ANUGRAH MANDIRI, PT.", ,20070813,156138.1673,MALUKU UTARA,MANGOLI UTARA TIMUR,KAWATA,82,3,32,1,8203032001,KEPULAUAN SULA,BADAN PUSAT STATISTIK,775,766,343,129,0,0.376093,1541,0.670498,261,175,0.156138,0.820357,1264,0.19033,126.164305,-1.883743,852099,9791469
94,50102,"EKSA ANUGRAH MANDIRI, PT.",BANUA,20070813,34191.46455,MALUKU UTARA,MANGOLI UTARA TIMUR,KAWATA,82,3,32,1,8203032001,KEPULAUAN SULA,BADAN PUSAT STATISTIK,775,766,343,129,0,0.376093,1541,0.670498,261,175,0.034191,0.179643,277,0.19033,126.208502,-1.815756,857035,9798987
95,50102,"EKSA ANUGRAH MANDIRI, PT.", ,20070813,95334.61136,MALUKU UTARA,MANGOLI UTARA TIMUR,PELITA JAYA,82,3,32,2,8203032002,KEPULAUAN SULA,BADAN PUSAT STATISTIK,193,212,154,90,0,0.584416,401,0,75,0,0.095335,1,401,0.095335,126.207432,-1.866336,856906,9793388
96,50102,"EKSA ANUGRAH MANDIRI, PT.",WAISAKAI,20070813,181479.7554,MALUKU UTARA,MANGOLI UTARA TIMUR,WAISAKAI,82,3,32,3,8203032003,KEPULAUAN SULA,BADAN PUSAT STATISTIK,766,721,302,0,302,0,1487,0.004132,242,1,0.18148,0.730326,1086,0.248491,126.260597,-1.866913,862828,9793313
97,50102,"EKSA ANUGRAH MANDIRI, PT.",PANCORAN,20070813,32925.12522,MALUKU UTARA,MANGOLI UTARA TIMUR,WAISAKAI,82,3,32,3,8203032003,KEPULAUAN SULA,BADAN PUSAT STATISTIK,766,721,302,0,302,0,1487,0.004132,242,1,0.032925,0.1325,197,0.248491,126.291887,-1.826565,866322,9797773
98,50102,"EKSA ANUGRAH MANDIRI, PT.",KUMKAHI,20070813,34086.61525,MALUKU UTARA,MANGOLI UTARA TIMUR,WAISAKAI,82,3,32,3,8203032003,KEPULAUAN SULA,BADAN PUSAT STATISTIK,766,721,302,0,302,0,1487,0.004132,242,1,0.034087,0.137174,204,0.248491,126.276214,-1.821896,864577,9798293
99,50102,"EKSA ANUGRAH MANDIRI, PT.", ,20070813,129939.6267,MALUKU UTARA,MANGOLI UTARA TIMUR,WAISUM,82,3,32,4,8203032004,KEPULAUAN SULA,BADAN PUSAT STATISTIK,178,167,120,0,89,0,348,0,56,0,0.12994,1,348,0.12994,126.481016,-1.828733,887393,9797493
100,50102,"EKSA ANUGRAH MANDIRI, PT.", ,20070813,16878.0067,MALUKU UTARA,MANGOLI BARAT,PAS IPA,82,3,40,1,8203040001,KEPULAUAN SULA,BADAN PUSAT STATISTIK,612,618,323,0,300,0,1306,0.027491,291,8,0.016878,0.577408,754,0.029231,125.379373,-1.882638,764699,9791731
101,50102,"EKSA ANUGRAH MANDIRI, PT.", ,20070813,12352.62345,MALUKU UTARA,MANGOLI BARAT,PAS IPA,82,3,40,1,8203040001,KEPULAUAN SULA,BADAN PUSAT STATISTIK,612,618,323,0,300,0,1306,0.027491,291,8,0.012353,0.422592,552,0.029231,125.376721,-1.881921,764404,9791810
102,50102,"EKSA ANUGRAH MANDIRI, PT.",DOFA,20070813,106056.7115,MALUKU UTARA,MANGOLI BARAT,DOFA,82,3,40,2,8203040002,KEPULAUAN SULA,BADAN PUSAT STATISTIK,986,1117,560,440,20,0.785714,2124,0.8361,482,403,0.106057,1,2124,0.106057,125.354352,-1.806076,761925,9800204
103,50102,"EKSA ANUGRAH MANDIRI, PT.", ,20070813,59996.5421,MALUKU UTARA,MANGOLI BARAT,LEKO KADAI,82,3,40,3,8203040003,KEPULAUAN SULA,BADAN PUSAT STATISTIK,795,665,351,238,95,0.678063,1519,0.588235,391,230,0.059997,1,1519,0.059997,125.409467,-1.784736,768064,9802557
104,50102,"EKSA ANUGRAH MANDIRI, PT.", ,20070813,88235.34535,MALUKU UTARA,MANGOLI BARAT,LEKOSULA,82,3,40,4,8203040004,KEPULAUAN SULA,BADAN PUSAT STATISTIK,395,392,315,130,32,0.412698,796,0.785714,182,143,0.088235,1,796,0.088235,125.453147,-1.795195,772925,9801393
105,50102,"EKSA ANUGRAH MANDIRI, PT.", ,20070813,33820.14865,MALUKU UTARA,MANGOLI BARAT,PELITA,82,3,40,15,8203040015,KEPULAUAN SULA,BADAN PUSAT STATISTIK,616,548,295,207,83,0.701695,1122,0.842324,241,203,0.03382,1,1122,0.03382,125.3301,-1.839113,759221,9796553
106,50102,"EKSA ANUGRAH MANDIRI, PT.", ,20070813,102286.3308,MALUKU UTARA,MANGOLI BARAT,JOHOR,82,3,40,16,8203040016,KEPULAUAN SULA,BADAN PUSAT STATISTIK,44,39,44,0,42,0,83,0,15,0,0.102286,0.47792,40,0.214024,125.365779,-1.860787,763189,9794150
107,50102,"EKSA ANUGRAH MANDIRI, PT.", ,20070813,111737.6912,MALUKU UTARA,MANGOLI BARAT,JOHOR,82,3,40,16,8203040016,KEPULAUAN SULA,BADAN PUSAT STATISTIK,44,39,44,0,42,0,83,0,15,0,0.111738,0.52208,43,0.214024,125.372268,-1.845726,763914,9795815
108,50102,"EKSA ANUGRAH MANDIRI, PT.",FALABISAHAYA,20070813,1054369.383,MALUKU UTARA,MANGOLI UTARA,FALABISAHAYA,82,3,41,1,8203041001,KEPULAUAN SULA,BADAN PUSAT STATISTIK,3478,3396,3405,1198,1207,0.351836,6880,0.75106,1651,1240,1.054369,1,6880,1.054369,125.478671,-1.792136,775766,9801728
109,50102,"EKSA ANUGRAH MANDIRI, PT.", ,20070813,51973.5776,MALUKU UTARA,MANGOLI UTARA,MADAPUHI,82,3,41,2,8203041002,KEPULAUAN SULA,BADAN PUSAT STATISTIK,189,171,103,0,34,0,362,0,84,0,0.051974,1,362,0.051974,125.583322,-1.811336,787414,9799587
110,50102,"EKSA ANUGRAH MANDIRI, PT.", ,20070813,362.7335,MALUKU UTARA,MANGOLI UTARA,PASTABULU,82,3,41,3,8203041003,KEPULAUAN SULA,BADAN PUSAT STATISTIK,538,511,243,0,58,0,1078,0,253,0,0.000363,0.017323,19,0.020939,125.510781,-1.779039,779343,9803172
111,50102,"EKSA ANUGRAH MANDIRI, PT.", ,20070813,8494.70145,MALUKU UTARA,MANGOLI UTARA,PASTABULU,82,3,41,3,8203041003,KEPULAUAN SULA,BADAN PUSAT STATISTIK,538,511,243,0,58,0,1078,0,253,0,0.008495,0.405685,437,0.020939,125.513554,-1.779117,779652,9803163
112,50102,"EKSA ANUGRAH MANDIRI, PT.", ,20070813,10620.34574,MALUKU UTARA,MANGOLI UTARA,PASTABULU,82,3,41,3,8203041003,KEPULAUAN SULA,BADAN PUSAT STATISTIK,538,511,243,0,58,0,1078,0,253,0,0.01062,0.507201,547,0.020939,125.50932,-1.779199,779180,9803155
113,50102,"EKSA ANUGRAH MANDIRI, PT.", ,20070813,640.0059,MALUKU UTARA,MANGOLI UTARA,PASTABULU,82,3,41,3,8203041003,KEPULAUAN SULA,BADAN PUSAT STATISTIK,538,511,243,0,58,0,1078,0,253,0,0.00064,0.030565,33,0.020939,125.508564,-1.778676,779096,9803212
114,50102,"EKSA ANUGRAH MANDIRI, PT.", ,20070813,364.3193,MALUKU UTARA,MANGOLI UTARA,PASTABULU,82,3,41,3,8203041003,KEPULAUAN SULA,BADAN PUSAT STATISTIK,538,511,243,0,58,0,1078,0,253,0,0.000364,0.017399,19,0.020939,125.510579,-1.778611,779321,9803219
115,50102,"EKSA ANUGRAH MANDIRI, PT.", ,20070813,457.04005,MALUKU UTARA,MANGOLI UTARA,PASTABULU,82,3,41,3,8203041003,KEPULAUAN SULA,BADAN PUSAT STATISTIK,538,511,243,0,58,0,1078,0,253,0,0.000457,0.021827,24,0.020939,125.510177,-1.778512,779276,9803230
116,50102,"EKSA ANUGRAH MANDIRI, PT.", ,20070813,41232.23645,MALUKU UTARA,MANGOLI UTARA,MODAPIA,82,3,41,4,8203041004,KEPULAUAN SULA,BADAN PUSAT STATISTIK,260,237,134,0,120,0,497,0,123,0,0.041232,0.443735,221,0.092921,125.681346,-1.828103,798325,9797716
117,50102,"EKSA ANUGRAH MANDIRI, PT.",BINONO,20070813,51688.59065,MALUKU UTARA,MANGOLI UTARA,MODAPIA,82,3,41,4,8203041004,KEPULAUAN SULA,BADAN PUSAT STATISTIK,260,237,134,0,120,0,497,0,123,0,0.051689,0.556265,276,0.092921,125.732701,-1.821017,804044,9798492
118,50102,"EKSA ANUGRAH MANDIRI, PT.", ,20070813,894.1522,MALUKU UTARA,MANGOLI UTARA,MINALULI,82,3,41,5,8203041005,KEPULAUAN SULA,BADAN PUSAT STATISTIK,260,197,116,0,27,0,464,0,109,0,0.000894,1,464,0.000894,125.526011,-1.806527,781034,9800128
119,50102,"EKSA ANUGRAH MANDIRI, PT.", ,20070813,22158.36081,MALUKU UTARA,MANGOLI UTARA,SANIAHAYA,82,3,41,6,8203041006,KEPULAUAN SULA,BADAN PUSAT STATISTIK,243,231,105,0,45,0,476,0,104,0,0.022158,1,476,0.022158,125.608997,-1.822223,790271,9798379
120,50102,"EKSA ANUGRAH MANDIRI, PT.",BUYA,20070813,32923.10735,MALUKU UTARA,MANGOLI SELATAN,BUYA,82,3,42,2,8203042002,KEPULAUAN SULA,BADAN PUSAT STATISTIK,702,610,327,0,100,0,1356,0,280,0,0.032923,0.977969,1326,0.033665,125.582451,-1.928746,787298,9786597
121,50102,"EKSA ANUGRAH MANDIRI, PT.", ,20070813,741.65875,MALUKU UTARA,MANGOLI SELATAN,BUYA,82,3,42,2,8203042002,KEPULAUAN SULA,BADAN PUSAT STATISTIK,702,610,327,0,100,0,1356,0,280,0,0.000742,0.022031,30,0.033665,125.58182,-1.928059,787228,9786673
122,50102,"EKSA ANUGRAH MANDIRI, PT.", ,20070813,1874.56495,MALUKU UTARA,MANGOLI SELATAN,WAI KAFIA,82,3,42,4,8203042004,KEPULAUAN SULA,BADAN PUSAT STATISTIK,460,495,210,0,21,0,955,0,194,0,0.001875,0.111814,107,0.016765,125.664321,-1.930689,796412,9786368
123,50102,"EKSA ANUGRAH MANDIRI, PT.", ,20070813,5771.86485,MALUKU UTARA,MANGOLI SELATAN,WAI KAFIA,82,3,42,4,8203042004,KEPULAUAN SULA,BADAN PUSAT STATISTIK,460,495,210,0,21,0,955,0,194,0,0.005772,0.344279,329,0.016765,125.66296,-1.930765,796261,9786360
124,50102,"EKSA ANUGRAH MANDIRI, PT.", ,20070813,8445.65595,MALUKU UTARA,MANGOLI SELATAN,WAI KAFIA,82,3,42,4,8203042004,KEPULAUAN SULA,BADAN PUSAT STATISTIK,460,495,210,0,21,0,955,0,194,0,0.008446,0.503764,481,0.016765,125.660418,-1.930482,795978,9786391
125,50102,"EKSA ANUGRAH MANDIRI, PT.", ,20070813,673.015,MALUKU UTARA,MANGOLI SELATAN,WAI KAFIA,82,3,42,4,8203042004,KEPULAUAN SULA,BADAN PUSAT STATISTIK,460,495,210,0,21,0,955,0,194,0,0.000673,0.040144,38,0.016765,125.664861,-1.930152,796473,9786427
126,50102,"EKSA ANUGRAH MANDIRI, PT.", ,20070813,331.87305,MALUKU UTARA,MANGOLI SELATAN,KAPORO,82,3,42,5,8203042005,KEPULAUAN SULA,BADAN PUSAT STATISTIK,376,322,140,0,32,0,678,0.007937,126,1,0.000332,0.078411,53,0.004232,125.705704,-1.929038,801020,9786543
127,50102,"EKSA ANUGRAH MANDIRI, PT.", ,20070813,1160.8878,MALUKU UTARA,MANGOLI SELATAN,KAPORO,82,3,42,5,8203042005,KEPULAUAN SULA,BADAN PUSAT STATISTIK,376,322,140,0,32,0,678,0.007937,126,1,0.001161,0.274282,186,0.004232,125.706702,-1.929002,801131,9786547
128,50102,"EKSA ANUGRAH MANDIRI, PT.", ,20070813,1004.5934,MALUKU UTARA,MANGOLI SELATAN,KAPORO,82,3,42,5,8203042005,KEPULAUAN SULA,BADAN PUSAT STATISTIK,376,322,140,0,32,0,678,0.007937,126,1,0.001005,0.237354,161,0.004232,125.704492,-1.928915,800885,9786557
129,50102,"EKSA ANUGRAH MANDIRI, PT.", ,20070813,592.91025,MALUKU UTARA,MANGOLI SELATAN,KAPORO,82,3,42,5,8203042005,KEPULAUAN SULA,BADAN PUSAT STATISTIK,376,322,140,0,32,0,678,0.007937,126,1,0.000593,0.140086,95,0.004232,125.712029,-1.928673,801724,9786582
130,50102,"EKSA ANUGRAH MANDIRI, PT.", ,20070813,1142.20165,MALUKU UTARA,MANGOLI SELATAN,KAPORO,82,3,42,5,8203042005,KEPULAUAN SULA,BADAN PUSAT STATISTIK,376,322,140,0,32,0,678,0.007937,126,1,0.001142,0.269867,183,0.004232,125.704843,-1.928774,800924,9786573
131,50102,"EKSA ANUGRAH MANDIRI, PT.", ,20070813,31810.59455,MALUKU UTARA,MANGOLI SELATAN,WAILAB,82,3,42,6,8203042006,KEPULAUAN SULA,BADAN PUSAT STATISTIK,423,367,165,0,75,0,767,0,149,0,0.031811,1,767,0.031811,125.678848,-1.929874,798030,9786455
132,50102,"EKSA ANUGRAH MANDIRI, PT.", ,20070813,112344.244,MALUKU UTARA,TALIABU TIMUR,PARIGI,82,3,50,6,8203050006,KEPULAUAN SULA,BADAN PUSAT STATISTIK,475,447,256,0,247,0,927,0,217,0,0.112344,1,927,0.112344,125.197811,-1.734613,744510,9808131
133,50102,"EKSA ANUGRAH MANDIRI, PT.", ,20070813,76324.8051,MALUKU UTARA,TALIABU TIMUR,PENU,82,3,50,7,8203050007,KEPULAUAN SULA,BADAN PUSAT STATISTIK,405,456,230,0,37,0,870,0.006098,164,1,0.076325,1,870,0.076325,125.108218,-1.700103,734543,9811959
134,50102,"EKSA ANUGRAH MANDIRI, PT.",SAMUYA,20070813,223531.1696,MALUKU UTARA,TALIABU TIMUR,SAMUYA,82,3,50,8,8203050008,KEPULAUAN SULA,BADAN PUSAT STATISTIK,567,488,247,0,108,0,1078,0.007491,267,2,0.223531,1,1078,0.223531,125.284628,-1.791008,754166,9801881
135,50102,"EKSA ANUGRAH MANDIRI, PT.", ,20070813,19073.2395,MALUKU UTARA,TALIABU TIMUR,TUBANG,82,3,50,9,8203050009,KEPULAUAN SULA,BADAN PUSAT STATISTIK,356,314,64,0,5,0,667,0,171,0,0.019073,0.119787,80,0.159227,125.073945,-1.788824,730717,9802150
136,50102,"EKSA ANUGRAH MANDIRI, PT.", ,20070813,39608.64025,MALUKU UTARA,TALIABU TIMUR,TUBANG,82,3,50,9,8203050009,KEPULAUAN SULA,BADAN PUSAT STATISTIK,356,314,64,0,5,0,667,0,171,0,0.039609,0.248756,166,0.159227,125.099186,-1.761648,733530,9805153
137,50102,"EKSA ANUGRAH MANDIRI, PT.", ,20070813,100544.9156,MALUKU UTARA,TALIABU TIMUR,TUBANG,82,3,50,9,8203050009,KEPULAUAN SULA,BADAN PUSAT STATISTIK,356,314,64,0,5,0,667,0,171,0,0.100545,0.631457,421,0.159227,125.095929,-1.761269,733167,9805195
138,50102,"EKSA ANUGRAH MANDIRI, PT.", ,20070813,5536.85895,MALUKU UTARA,TALIABU TIMUR SELATAN,KABUNU,82,3,51,1,8203051001,KEPULAUAN SULA,BADAN PUSAT STATISTIK,341,262,152,0,49,0,588,0.021739,138,3,0.005537,1,588,0.005537,124.895744,-1.925645,710869,9787040
139,50102,"EKSA ANUGRAH MANDIRI, PT.", ,20070813,76217.52328,MALUKU UTARA,TALIABU TIMUR SELATAN,SOFAN,82,3,51,2,8203051002,KEPULAUAN SULA,BADAN PUSAT STATISTIK,459,453,200,0,92,0,910,0,223,0,0.076218,1,910,0.076218,124.945261,-1.926499,716379,9786940
140,50102,"EKSA ANUGRAH MANDIRI, PT.", ,20070813,142621.6671,MALUKU UTARA,TALIABU TIMUR SELATAN,KAWADANG,82,3,51,3,8203051003,KEPULAUAN SULA,BADAN PUSAT STATISTIK,510,486,183,0,63,0,991,0.016304,184,3,0.142622,1,991,0.142622,124.989058,-1.930727,721252,9786466
141,50102,"EKSA ANUGRAH MANDIRI, PT.",LOSENG,20070813,158005.5497,MALUKU UTARA,TALIABU TIMUR SELATAN,LOSSENG,82,3,51,4,8203051004,KEPULAUAN SULA,BADAN PUSAT STATISTIK,529,447,253,0,32,0,973,0,172,0,0.158006,0.539199,525,0.293038,125.016,-1.911728,724253,9788564
142,50102,"EKSA ANUGRAH MANDIRI, PT.", ,20070813,135032.0979,MALUKU UTARA,TALIABU TIMUR SELATAN,LOSSENG,82,3,51,4,8203051004,KEPULAUAN SULA,BADAN PUSAT STATISTIK,529,447,253,0,32,0,973,0,172,0,0.135032,0.460801,448,0.293038,125.033305,-1.876174,726183,9792494
143,50102,"EKSA ANUGRAH MANDIRI, PT.",WAISULA,20070813,477386.4684,MALUKU UTARA,TALIABU TIMUR SELATAN,WAI KADAI,82,3,51,5,8203051005,KEPULAUAN SULA,BADAN PUSAT STATISTIK,286,252,128,0,15,0,528,0,112,0,0.477386,1,528,0.477386,125.156954,-1.871689,739945,9792974
144,50102,"EKSA ANUGRAH MANDIRI, PT.", ,20070813,150142.7236,MALUKU UTARA,TALIABU TIMUR SELATAN,MANTARARA,82,3,51,6,8203051006,KEPULAUAN SULA,BADAN PUSAT STATISTIK,156,121,71,0,24,0,276,0,60,0,0.150143,1,276,0.150143,125.081022,-1.885638,731492,9791441
145,50102,"EKSA ANUGRAH MANDIRI, PT.", ,20070813,47210.32879,MALUKU UTARA,TALIABU TIMUR SELATAN,BELO,82,3,51,7,8203051007,KEPULAUAN SULA,BADAN PUSAT STATISTIK,143,133,71,0,20,0,265,0,57,0,0.04721,1,265,0.04721,125.136235,-1.874405,737638,9792676
146,50102,"EKSA ANUGRAH MANDIRI, PT.", ,20070813,150377.3275,MALUKU UTARA,TALIABU TIMUR SELATAN,KAMAYA,82,3,51,8,8203051008,KEPULAUAN SULA,BADAN PUSAT STATISTIK,102,80,54,0,53,0,179,0,41,0,0.150377,1,179,0.150377,125.230109,-1.870348,748087,9793112
147,50102,"EKSA ANUGRAH MANDIRI, PT.", ,20070813,59522.28175,MALUKU UTARA,TALIABU TIMUR SELATAN,WAIKOKA,82,3,51,9,8203051009,KEPULAUAN SULA,BADAN PUSAT STATISTIK,104,110,60,0,10,0,207,0,41,0,0.059522,1,207,0.059522,125.290572,-1.887931,754814,9791158
148,50102,"EKSA ANUGRAH MANDIRI, PT.",BOBONG,20070813,522609.9738,MALUKU UTARA,TALIABU BARAT,BOBONG,82,3,60,1,8203060001,KEPULAUAN SULA,BADAN PUSAT STATISTIK,952,876,914,320,8,0.350109,1828,0.776961,408,317,0.52261,0.984834,1800,0.530658,124.384134,-1.946166,653946,9784826
149,50102,"EKSA ANUGRAH MANDIRI, PT.", ,20070813,5350.52025,MALUKU UTARA,TALIABU BARAT,BOBONG,82,3,60,1,8203060001,KEPULAUAN SULA,BADAN PUSAT STATISTIK,952,876,914,320,8,0.350109,1828,0.776961,408,317,0.005351,0.010083,18,0.530658,124.381264,-1.9424,653627,9785243
150,50102,"EKSA ANUGRAH MANDIRI, PT.", ,20070813,2697.2164,MALUKU UTARA,TALIABU BARAT,BOBONG,82,3,60,1,8203060001,KEPULAUAN SULA,BADAN PUSAT STATISTIK,952,876,914,320,8,0.350109,1828,0.776961,408,317,0.002697,0.005083,9,0.530658,124.38028,-1.941763,653518,9785313
151,50102,"EKSA ANUGRAH MANDIRI, PT.", ,20070813,233790.8945,MALUKU UTARA,TALIABU BARAT,KAWALO,82,3,60,4,8203060004,KEPULAUAN SULA,BADAN PUSAT STATISTIK,739,705,360,0,280,0,1444,0,341,0,0.233791,0.94727,1368,0.246805,124.54392,-2.009094,671716,9777853
152,50102,"EKSA ANUGRAH MANDIRI, PT.",BUSA,20070813,13013.96955,MALUKU UTARA,TALIABU BARAT,KAWALO,82,3,60,4,8203060004,KEPULAUAN SULA,BADAN PUSAT STATISTIK,739,705,360,0,280,0,1444,0,341,0,0.013014,0.05273,76,0.246805,124.562219,-1.951105,673757,9784263
153,50102,"EKSA ANUGRAH MANDIRI, PT.", ,20070813,19495.3319,MALUKU UTARA,TALIABU BARAT,TALLO,82,3,60,16,8203060016,KEPULAUAN SULA,BADAN PUSAT STATISTIK,291,271,87,0,15,0,562,0,124,0,0.019495,0.32065,180,0.060799,124.39746,-2.028819,655421,9775686
154,50102,"EKSA ANUGRAH MANDIRI, PT.", ,20070813,41304.05,MALUKU UTARA,TALIABU BARAT,TALLO,82,3,60,16,8203060016,KEPULAUAN SULA,BADAN PUSAT STATISTIK,291,271,87,0,15,0,562,0,124,0,0.041304,0.67935,382,0.060799,124.398429,-2.002381,655531,9778610
155,50102,"EKSA ANUGRAH MANDIRI, PT.", ,20070813,54524.15685,MALUKU UTARA,TALIABU BARAT LAUT,LIMBO,82,3,60,18,8203060018,KEPULAUAN SULA,BADAN PUSAT STATISTIK,817,859,378,0,70,0,1669,0.002755,363,1,0.054524,1,1669,0.054524,124.315619,-1.790492,646337,9802044
156,50102,"EKSA ANUGRAH MANDIRI, PT.", ,20070813,388500.8128,MALUKU UTARA,TALIABU BARAT,KARAMAT,82,3,60,21,8203060021,KEPULAUAN SULA,BADAN PUSAT STATISTIK,563,575,327,267,1,0.816514,1138,0.798611,288,230,0.388501,1,1138,0.388501,124.342524,-1.899325,649321,9790009
157,50102,"EKSA ANUGRAH MANDIRI, PT.", ,20070813,388500.8128,MALUKU UTARA,TALIABU BARAT,MARANTI JAYA,82,3,60,22,8203060022,KEPULAUAN SULA,BADAN PUSAT STATISTIK,148,127,69,54,0,0.782609,275,0.728571,70,51,0.388501,1,275,0.388501,124.344006,-1.905909,649486,9789281
158,50102,"EKSA ANUGRAH MANDIRI, PT.", ,20070813,68585.94355,MALUKU UTARA,TALIABU BARAT,PANCORAN,82,3,60,23,8203060023,KEPULAUAN SULA,BADAN PUSAT STATISTIK,351,325,225,0,35,0,676,0,188,0,0.068586,1,676,0.068586,124.404498,-2.04431,656202,9773973
159,50102,"EKSA ANUGRAH MANDIRI, PT.", ,20070813,15437.4363,MALUKU UTARA,TALIABU BARAT,HOLBOTA,82,3,60,24,8203060024,KEPULAUAN SULA,BADAN PUSAT STATISTIK,129,119,77,0,6,0,248,0,57,0,0.015437,0.259282,64,0.059539,124.478153,-2.019805,664398,9776675
160,50102,"EKSA ANUGRAH MANDIRI, PT.", ,20070813,35105.03895,MALUKU UTARA,TALIABU BARAT,HOLBOTA,82,3,60,24,8203060024,KEPULAUAN SULA,BADAN PUSAT STATISTIK,129,119,77,0,6,0,248,0,57,0,0.035105,0.589613,146,0.059539,124.467342,-1.951473,663202,9784232
161,50102,"EKSA ANUGRAH MANDIRI, PT.",BEHA,20070813,8996.6436,MALUKU UTARA,TALIABU BARAT,HOLBOTA,82,3,60,24,8203060024,KEPULAUAN SULA,BADAN PUSAT STATISTIK,129,119,77,0,6,0,248,0,57,0,0.008997,0.151105,37,0.059539,124.508609,-1.963745,667792,9782871
162,50102,"EKSA ANUGRAH MANDIRI, PT.",BOBONG,20070813,522609.9738,MALUKU UTARA,TALIABU BARAT,WAYO,82,3,60,26,8203060026,KEPULAUAN SULA,BADAN PUSAT STATISTIK,570,505,249,138,10,0.554217,1075,0.559055,254,142,0.52261,1,1075,0.52261,124.38357,-1.954762,653883,9783876
163,50102,"EKSA ANUGRAH MANDIRI, PT.", ,20070813,143354.5583,MALUKU UTARA,TALIABU UTARA,SAHU,82,3,61,1,8203061001,KEPULAUAN SULA,BADAN PUSAT STATISTIK,658,637,405,0,215,0,1289,0,330,0,0.143355,1,1289,0.143355,124.556256,-1.646366,673123,9817959
164,50102,"EKSA ANUGRAH MANDIRI, PT.", ,20070813,74970.0171,MALUKU UTARA,TALIABU UTARA,MINTON,82,3,61,2,8203061002,KEPULAUAN SULA,BADAN PUSAT STATISTIK,391,327,198,0,50,0,714,0,138,0,0.07497,1,714,0.07497,124.693876,-1.653226,688436,9817188
165,50102,"EKSA ANUGRAH MANDIRI, PT.", ,20070813,120430.6701,MALUKU UTARA,TALIABU UTARA,JORJOGA,82,3,61,3,8203061003,KEPULAUAN SULA,BADAN PUSAT STATISTIK,622,608,293,0,143,0,1228,0,281,0,0.120431,1,1228,0.120431,124.807554,-1.68008,701083,9814207
166,50102,"EKSA ANUGRAH MANDIRI, PT.", ,20070813,122340.8322,MALUKU UTARA,TALIABU UTARA,MANANGA,82,3,61,4,8203061004,KEPULAUAN SULA,BADAN PUSAT STATISTIK,340,376,150,0,12,0,723,0,160,0,0.122341,1,723,0.122341,124.867097,-1.683158,707709,9813860
167,50102,"EKSA ANUGRAH MANDIRI, PT.", ,20070813,82021.78595,MALUKU UTARA,TALIABU UTARA,TANJUNG UNA,82,3,61,5,8203061005,KEPULAUAN SULA,BADAN PUSAT STATISTIK,506,501,218,0,195,0,971,0.005291,189,1,0.082022,1,971,0.082022,124.826784,-1.682607,703223,9813926
168,50102,"EKSA ANUGRAH MANDIRI, PT.",GELA,20070813,110676.3146,MALUKU UTARA,TALIABU UTARA,GELA,82,3,61,6,8203061006,KEPULAUAN SULA,BADAN PUSAT STATISTIK,644,580,356,0,270,0,1225,0,274,0,0.110676,1,1225,0.110676,124.709636,-1.657408,690189,9816724
169,50102,"EKSA ANUGRAH MANDIRI, PT.", ,20070813,86837.65165,MALUKU UTARA,TALIABU UTARA,NUNCA,82,3,61,7,8203061007,KEPULAUAN SULA,BADAN PUSAT STATISTIK,345,286,154,0,43,0,625,0,126,0,0.086838,1,625,0.086838,124.591108,-1.644009,677001,9818217
170,50102,"EKSA ANUGRAH MANDIRI, PT.",NATANGKUNING,20070813,59206.77205,MALUKU UTARA,TALIABU UTARA,TIKONG,82,3,61,8,8203061008,KEPULAUAN SULA,BADAN PUSAT STATISTIK,1249,1181,572,0,217,0,2431,0,571,0,0.059207,0.338076,822,0.175128,124.511254,-1.672657,668113,9815056
171,50102,"EKSA ANUGRAH MANDIRI, PT.", ,20070813,115921.5677,MALUKU UTARA,TALIABU UTARA,TIKONG,82,3,61,8,8203061008,KEPULAUAN SULA,BADAN PUSAT STATISTIK,1249,1181,572,0,217,0,2431,0,571,0,0.115922,0.661924,1609,0.175128,124.524099,-1.665702,669543,9815824
172,50102,"EKSA ANUGRAH MANDIRI, PT.", ,20070813,146029.1493,MALUKU UTARA,TALIABU UTARA,AIR BULAN,82,3,61,9,8203061009,KEPULAUAN SULA,BADAN PUSAT STATISTIK,117,106,56,0,7,0,224,0,44,0,0.146029,1,224,0.146029,124.566925,-1.663163,674308,9816101
173,50102,"EKSA ANUGRAH MANDIRI, PT.",PADANGWANGI,20070813,18467.97225,MALUKU UTARA,TALIABU UTARA,AIR KALIMAT,82,3,61,10,8203061010,KEPULAUAN SULA,BADAN PUSAT STATISTIK,149,142,83,0,11,0,288,0,75,0,0.018468,1,288,0.018468,124.799866,-1.684066,700227,9813767
174,50102,"EKSA ANUGRAH MANDIRI, PT.",BUA,20070813,81461.1796,MALUKU UTARA,TALIABU UTARA,MBONO,82,3,61,12,8203061012,KEPULAUAN SULA,BADAN PUSAT STATISTIK,102,112,64,0,5,0,208,0,46,0,0.081461,0.250497,52,0.325198,124.89878,-1.709861,711232,9810904
175,50102,"EKSA ANUGRAH MANDIRI, PT.", ,20070813,243736.414,MALUKU UTARA,TALIABU UTARA,MBONO,82,3,61,12,8203061012,KEPULAUAN SULA,BADAN PUSAT STATISTIK,102,112,64,0,5,0,208,0,46,0,0.243736,0.749503,156,0.325198,124.93301,-1.705434,715042,9811390
176,50102,"EKSA ANUGRAH MANDIRI, PT.", ,20070813,31465.9225,MALUKU UTARA,TALIABU UTARA,HAI,82,3,61,13,8203061013,KEPULAUAN SULA,BADAN PUSAT STATISTIK,74,74,49,0,4,0,144,0,38,0,0.031466,1,144,0.031466,124.775849,-1.670549,697556,9815264
177,50102,"EKSA ANUGRAH MANDIRI, PT.", ,20070813,60465.04815,MALUKU UTARA,TALIABU UTARA,DEGE,82,3,61,14,8203061014,KEPULAUAN SULA,BADAN PUSAT STATISTIK,118,130,70,0,32,0,246,0,49,0,0.060465,1,246,0.060465,124.748073,-1.670325,694465,9815292
178,50102,"EKSA ANUGRAH MANDIRI, PT.",PADANG,20070813,106955.8267,MALUKU UTARA,TALIABU UTARA,PADANG,82,3,61,15,8203061015,KEPULAUAN SULA,BADAN PUSAT STATISTIK,178,174,78,0,11,0,352,0,83,0,0.106956,1,352,0.106956,124.521629,-1.692559,669266,9812854
179,50102,"EKSA ANUGRAH MANDIRI, PT.",NGGELE,20070813,193330.094,MALUKU UTARA,TALIABU BARAT LAUT,NGGELE,82,3,62,1,8203062001,KEPULAUAN SULA,BADAN PUSAT STATISTIK,1391,1421,528,338,0,0.640152,2811,0.732394,639,468,0.19333,1,2811,0.19333,124.368965,-1.766857,652274,9804653
180,50102,"EKSA ANUGRAH MANDIRI, PT.", ,20070813,46444.13484,MALUKU UTARA,TALIABU BARAT LAUT,SALATI,82,3,62,2,8203062002,KEPULAUAN SULA,BADAN PUSAT STATISTIK,290,316,176,148,0,0.840909,602,0.721854,151,109,0.046444,1,602,0.046444,124.368862,-1.778816,652262,9803330
181,50102,"EKSA ANUGRAH MANDIRI, PT.", ,20070813,30735.5431,MALUKU UTARA,TALIABU BARAT LAUT,BERINGIN JAYA,82,3,62,3,8203062003,KEPULAUAN SULA,BADAN PUSAT STATISTIK,180,166,67,35,0,0.522388,351,0.435897,78,34,0.030736,1,351,0.030736,124.357362,-1.78886,650981,9802221
182,50102,"EKSA ANUGRAH MANDIRI, PT.", ,20070813,20235.92305,MALUKU UTARA,TALIABU BARAT LAUT,KASANGO,82,3,62,4,8203062004,KEPULAUAN SULA,BADAN PUSAT STATISTIK,162,159,77,58,0,0.753247,315,0.671233,73,49,0.020236,1,315,0.020236,124.34193,-1.871453,649258,9793090
183,50102,"EKSA ANUGRAH MANDIRI, PT.", ,20070813,129513.9735,MALUKU UTARA,LEDE,TODOLI,82,3,63,1,8203063001,KEPULAUAN SULA,BADAN PUSAT STATISTIK,570,517,283,0,7,0,1088,0,271,0,0.129514,1,1088,0.129514,124.465047,-1.664103,662973,9816006
184,50102,"EKSA ANUGRAH MANDIRI, PT.", ,20070813,97979.34695,MALUKU UTARA,LEDE,TOLONG,82,3,63,2,8203063002,KEPULAUAN SULA,BADAN PUSAT STATISTIK,351,328,168,0,40,0,681,0,163,0,0.097979,1,681,0.097979,124.43837,-1.665544,660004,9815848
185,50102,"EKSA ANUGRAH MANDIRI, PT.", ,20070813,795220.787,MALUKU UTARA,LEDE,LEDE,82,3,63,3,8203063003,KEPULAUAN SULA,BADAN PUSAT STATISTIK,819,866,440,430,0,0.977273,1689,0.732426,441,323,0.795221,1,1689,0.795221,124.368668,-1.701032,652246,9811930
186,50102,"EKSA ANUGRAH MANDIRI, PT.", ,20070813,795220.787,MALUKU UTARA,LEDE,LANGGANU,82,3,63,6,8203063006,KEPULAUAN SULA,BADAN PUSAT STATISTIK,1140,1181,675,578,20,0.856296,2325,0.68638,558,383,0.795221,1,2325,0.795221,124.371771,-1.697878,652592,9812279
187,50102,"EKSA ANUGRAH MANDIRI, PT.", ,20070813,13942.3151,MALUKU UTARA,TALIABU SELATAN,PENCADO,82,3,64,2,8203064002,KEPULAUAN SULA,BADAN PUSAT STATISTIK,1103,1080,469,0,302,0,2140,0,464,0,0.013942,0.074843,160,0.186287,124.739356,-1.865231,693475,9793740
188,50102,"EKSA ANUGRAH MANDIRI, PT.",PANCADU,20070813,172344.8217,MALUKU UTARA,TALIABU SELATAN,PENCADO,82,3,64,2,8203064002,KEPULAUAN SULA,BADAN PUSAT STATISTIK,1103,1080,469,0,302,0,2140,0,464,0,0.172345,0.925157,1980,0.186287,124.786659,-1.909875,698733,9788797
189,50102,"EKSA ANUGRAH MANDIRI, PT.", ,20070813,1661.84435,MALUKU UTARA,TALIABU SELATAN,TABONA,82,3,64,3,8203064003,KEPULAUAN SULA,BADAN PUSAT STATISTIK,1102,1050,503,0,405,0,2111,0,430,0,0.001662,0.014681,31,0.113197,124.851868,-1.892909,705991,9790666
190,50102,"EKSA ANUGRAH MANDIRI, PT.", ,20070813,3921.16615,MALUKU UTARA,TALIABU SELATAN,TABONA,82,3,64,3,8203064003,KEPULAUAN SULA,BADAN PUSAT STATISTIK,1102,1050,503,0,405,0,2111,0,430,0,0.003921,0.03464,73,0.113197,124.854099,-1.892557,706239,9790705
191,50102,"EKSA ANUGRAH MANDIRI, PT.",MEKARJAYA,20070813,33609.04365,MALUKU UTARA,TALIABU SELATAN,TABONA,82,3,64,3,8203064003,KEPULAUAN SULA,BADAN PUSAT STATISTIK,1102,1050,503,0,405,0,2111,0,430,0,0.033609,0.296908,627,0.113197,124.848259,-1.892926,705589,9790664
192,50102,"EKSA ANUGRAH MANDIRI, PT.", ,20070813,9512.7287,MALUKU UTARA,TALIABU SELATAN,TABONA,82,3,64,3,8203064003,KEPULAUAN SULA,BADAN PUSAT STATISTIK,1102,1050,503,0,405,0,2111,0,430,0,0.009513,0.084037,177,0.113197,124.859649,-1.891218,706857,9790852
193,50102,"EKSA ANUGRAH MANDIRI, PT.", ,20070813,64492.16335,MALUKU UTARA,TALIABU SELATAN,TABONA,82,3,64,3,8203064003,KEPULAUAN SULA,BADAN PUSAT STATISTIK,1102,1050,503,0,405,0,2111,0,430,0,0.064492,0.569734,1203,0.113197,124.864936,-1.891639,707445,9790805
194,50102,"EKSA ANUGRAH MANDIRI, PT.", ,20070813,76779.64398,MALUKU UTARA,TALIABU SELATAN,KILO,82,3,64,4,8203064004,KEPULAUAN SULA,BADAN PUSAT STATISTIK,452,401,361,0,20,0,822,0,156,0,0.07678,1,822,0.07678,124.709987,-1.946733,690198,9784730
